,tweet_id,label_code,text,label_text
0,1218987408525594624,-2,Youâ€™re crazy.  Why donâ€™t you move to Venezuela or China if you donâ€™t like the free market experiment.  You canâ€™t argue with the fact that our free market experiment has produced the longest lasting constitution in history.   Why is it that Marxist experiments never last?,most unfavorable
1,1228198632928624640,-1,"Yes I know officially, 'HUAWEI' means 'èŠ±ä¸º' that might translate as 'flower power'. However, @WarrenRothman's ""Kafka in China"" made me aware of alternate meanings of 'hua' & 'wei'. It could also mean 'æ»‘å±' that could translate as 'cunning endangerment'.   https://amazon.com/Kafka-China-Part-Two-American/product-reviews/0692064702/ref=cm_cr_dp_d_show_all_btm?ie=UTF8&reviewerType=all_reviewsÂ â€¦ pic.twitter.com/9VkSOK30EZ",somewhat unfavorable
2,1216478029569982464,-1,Isn't it funny how Europe has been so quite these past few weeks? ... maybe their just 'shoring-up' the deals they've made to protect their investments with Russia and China... Believe me!  Turkey hasn't missed one move the EU has made ...,somewhat unfavorable
3,1220877913526022144,-2,oh no!! China should have been shut down when the first few died for no reason. SMH,most unfavorable
4,1234650067589570560,-99,Modi is a dramebaaz.. He is just trying to divert attention from the progrom.. India isn't China that it will be able to create everything indigenous..,irrelevant or no opinion
5,1221910100744556544,-99,"Wade is actually loved around the world what are you talking about , he even got a shoe deal with china lol",irrelevant or no opinion
6,1216408451557089280,-99,Whatâ€™s your dream china pattern? Iâ€™m picturing bats or pumpkins.  pic.twitter.com/ZS5a4GW1hf,irrelevant or no opinion
7,1228107948263645184,-1,Because all the trash in ocean specifically says â€œmade in Chinaâ€,somewhat unfavorable
8,1226666818292465664,-2,"In 1918 the number of deaths from the Spanish flu were suppressed because of WW1, no one wanted to look weak to their enemies...an estimated 20 to 50 million people died....China has the same problem, it's about appearance and national pride, all the while their citizens die.  pic.twitter.com/cAhcJ6DosL",most unfavorable
9,1226877254602575872,-99,China now has to fight coronavirus AND bird flu: 'Highly pathogenic' avian influenza hits two ...  https://mol.im/a/7987009Â  via @MailOnline,irrelevant or no opinion
10,1221648532148490240,0,Popularity of NBA in China seems to create endless options  https://nba.nbcsports.com/2019/09/16/popularity-of-nba-in-china-seems-to-create-endless-options/Â â€¦ via @basketballtalk,
11,1228264252055506944,-99,@expressvpn does expressvpn still work in China? looks like it's banned?  https://www.expressvpn.com/support/troubleshooting/china-status/?utm_campaign=china_got_update_mac&utm_content=follow_latest_updates&utm_medium=apps&utm_source=rotating_message_v3_mac_e1&redir=fqdtohl.com&redir_t=fd1fb9186d14ee3196477562c51f62a25a1a0c599b18bd2cc37160890abac1d8Â â€¦,irrelevant or no opinion
12,1227412854602641408,-99,"China still mostly closed down as virus deaths pass 1,000  (from @AP) â€œDespite the official end of the extended Lunar New Year holiday, #China remained mostly closed for business as many remained at home, with some 60M people under virtual #Quarantine â€ https://apnews.com/8b4521f709f04bdf5ac7318788555335Â â€¦",irrelevant or no opinion
13,1227045457131601920,-99,Somewhere a cat is angry its Amazon Prime order from China didn't arrive,irrelevant or no opinion
14,1231724888555061248,-99,"I work for a company that ships pkgs all over the world, and I canâ€™t tell you how many people have shown up at our counter shipping masks to China. Unfortunately, due to customs, the intended will probably never receive them.",irrelevant or no opinion
15,1233841782108102656,-2,"@ZubyMusic  Don't fear the virus, be aware and careful. The climate, nobody says this but, it is all up to China and India. If they don't change. You can make all the @elonmusk Teslas in the world, it will not make dent of coal, oil and gas power. I'm sorry. We should be hopeful",most unfavorable
16,1228013219920449536,-1,".@Brent_Huffman, just finished @SavingMesAynak on @PrimeVideo - great #documentary! It will only grow in importance as #China's #BeltandRoadInitiative spreads across Asia. Other countries may face the same dilemma - protecting #culturalheritage in the face of China's ambitions.",somewhat unfavorable
17,1227494850582306816,1,"As #Medical  professionals in Wuhan, Hubei province, continue to battle the #coronavirus , their peers from all parts of China have been heading to the city to offer assistance. More than 11,000 medics have been sent to threre since the start of the outbreak. (Source/ChinaDaily)  pic.twitter.com/IRKhx19NeE",somewhat favorable
18,1213984977622360064,-99,INDIA LEARNS TO PLAY HARD BALL ON NATIONAL SOVEREIGNITY JUST LIKE CHINA  MALAYSIAN PALM OIL PURCHASES STOPPED OVERNIGHT  Malaysia's goose is cooked in short and medium term as India stops buying Malaysian palm oil.  Mahathir Mohamed's rabid...  https://www.bbc.com/somali/50990929Â ,irrelevant or no opinion
19,1235382790260224000,-99,#Ad #Sponsored The Allure of Matter: Material Art from China presents monumental artworks from todayâ€™s leading Chinese artists. On view at the north side's @Wrightwood659 and on the south side at the Smart Museum of Art.  http://theallureofmatter.orgÂ  #theallureofmatter pic.twitter.com/OqM6PT7qcQ,irrelevant or no opinion
20,1233143793597194240,-2,"That didn't take long! ""Let's Call It 'Trumpvirus'"": Hillary-Loving NYT Columnist Blames Coronavirus Outbreak On Trump. They are not blaming it on the source are they? Their totalitarian commie friends in China. | Zero Hedge  https://www.zerohedge.com/geopolitical/lets-call-it-trumpvirus-hillary-loving-nyt-columnist-blames-coronavirus-outbreak-trumpÂ â€¦",most unfavorable
21,1221474034346610688,-99,"He was  a founding member, but I say if they wont let China in the should not let Xpac in either",irrelevant or no opinion
22,1232794173016870912,-99,"Ok hereâ€™s simple math. Say everyone who attends a Michigan football game (100,000) has the flu. 100 will likely die. If they all have Coronavirus, 3,400 will likely die (using Chinaâ€™s and Italyâ€™s current rate).",irrelevant or no opinion
23,1222035184310198272,-2,"they wait this much time to do this, Chinese people eating shits and we prying prizeğŸ˜¡search every Chinese and every tourist who came from china since this virus spread for god sake this becoming more dangerous every country should issue a ban for months",most unfavorable
24,1232455233940254720,-1,"â€œThe U.S. must win the race to 5G; itâ€™s us or China. I know the Trump administration and Chairman Pai share that viewâ€”and today the FCC will take a major step forward in pursuit of that shared goal."" - @boblatta @repgregwalden https://republicans-energycommerce.house.gov/news/press-release/walden-and-latta-react-to-fccs-c-band-auction-plan/Â â€¦",somewhat unfavorable
25,1226154564132294656,-1,They prepare there self for coronavirus in China  https://youtu.be/S3bEToRSwXsÂ  via @YouTube,somewhat unfavorable
26,1224330932586340352,-99,"Even in the face of the Black Plague, China doesn't think it should stop Ppl fr visiting. Stupid.",irrelevant or no opinion
27,1229492792017158144,-1,@howroute   I took the CDC flu estimates and compared them to Chinaâ€™s numbers reported by WHO.  I am just guessing but even if you assume all the cases were from Wuhan then the # of infections appears to be low.  pic.twitter.com/tvtiEkhPlM,somewhat unfavorable
28,1222984198786633728,0,"If TSMC stops supplying for China, that's the end for Huawei. So the dependency was both ways.",
29,1232363807831257088,-1,"This is absolute nonsense! How can you say it ""remains low"" when the rest of the world is stating the opposite. How many flights have arrived in YYC or YEG from China this month? Your tweet is irresponsible....  #COVIDãƒ¼19 #COVID2019 #CoronavirusOutbreak",somewhat unfavorable
30,1232879073636093952,-99,where are the Kenyans from China?,irrelevant or no opinion
31,1229326110397095936,-99,China coronavirus outbreak with all these people going to all different  country's I can see it spreading everywhere 14 days is not along time it could show its self later could sit in the body longer before it goes full blown,irrelevant or no opinion
32,1222184029337853952,-1,"So #bottlehead itâ€™s a #china #coronavirus thing, will it catch on? pic.twitter.com/KGEPDk4Jrv",somewhat unfavorable
33,1237482581450522624,-99,"Enough evidence in China can support older people with other serious chronic conditions face a higher risk of death, at the same time, there were also many young people died for the virus.",irrelevant or no opinion
34,1228767499862233088,-1,I am curious to see how China will respond after all US did . -arrest of Huawei CFO and trying to block Huawei  -Hong Kong  -Uyghurs  -swine flu -chicken flu -and most likely this Convid-19 -SARS was  a bioweapon,somewhat unfavorable
35,1229464850889351168,-2,Ia rhis about Canadian being racist again   Or are you going to actually listen to their concerns about family and friends being tortured under this virus in China,most unfavorable
36,1220495552753864704,-1,CDC is saying it started from infected snakes being eaten in China.,somewhat unfavorable
37,1226135792784822272,-99,"PRESIDENT Obama appointed Republicans, like Jon Huntsman, Ambassador to China.",irrelevant or no opinion
38,1236802605474623488,-99,"That said, WHO just announced China had their lowest month of reported cases since the virus outbreak began, so hopefully things can get back up and running sooner rather than later",irrelevant or no opinion
39,1227381829008863232,-2,Remember the Dickinson State University China student diploma mill situation?   @SecPompeo reminded people to be aware of the Chinese Communist Party (#CCP) trying to infiltrate college campuses. pic.twitter.com/r211ff1mIs,most unfavorable
40,1221610074671439872,0,"The new corona virus, the statistics so far: 10% , I took into account of the government not including the total numbers. This disease will almost always progress into pneumonia. However, take into account the health and air conditions in china is not very good. #CoronaOutbreak",
41,1220119651583217664,-2,"No Trump = Open Borders = Destruction of the USA = Russia and China take over the world, as Islam is allowed to take over here = Blood Bath for ALL Whom TRY = American Revolution 2 ... That's the bottom line",most unfavorable
42,1217467713410363392,-2,It's time to stop China's tyranny by stop buying China's stuff.  #BoycottChina #HKPoliceTerrorism #HKPoliceState #HKPoliceTerrorists #hkpolicebrutality #CCP_is_terrorist #StandWithHongKong,most unfavorable
43,1224869101115494400,-99,Check this out from The Times of India Coronavirus treatment: Gilead working with China to test Ebola drug as new Coronavirus cure   https://timesofindia.indiatimes.com/life-style/health-fitness/health-news/coronavirus-treatment-gilead-working-with-china-to-test-ebola-drug-as-new-coronavirus-cure/articleshow/73944384.cms?utm_campaign=andapp&utm_medium=referral&utm_source=native_share_trayÂ â€¦ Download the TOI app now: https://timesofindia.onelink.me/efRt/installtoiÂ ,irrelevant or no opinion
44,1236471622950928384,-99,"Only if everyone coming here was from the original hot zone. Which they weren't. Not everybody in a country of 1.2 billion had the virus. It took weeks for it to propagate to tens of thousands throught China. So yeah, it's been here in the US for weeks, not months. Bless your â¤.",irrelevant or no opinion
45,1226154086040424448,-99,Check out Vintage Royal Doulton Bone China Penguin Figurines (2)  https://www.ebay.com/ulk/itm/254186406757Â â€¦ @eBay,irrelevant or no opinion
46,1231642628795424768,-99,this is suspect math. why are you looking at chinese numbers for coronavirus mortality and comparing them to american numbers for flu mortality? why not look at chinese numbers for flu mortality? the united states and china have different healthcare systems and protocols.,irrelevant or no opinion
47,1222528909738041344,-99,"that's why we urge #HongKong govt to close the borders between Hong Kong and China, checking visitors' temperature is not enough",irrelevant or no opinion
48,1214629476526645248,-99,"Respectfully disagree. Many departments have professors who teach US political history. Not every department has historians of the rest of the world.  When your department has 5 US historian to every 1 person who works on South Asia, China, or the Middle East something is wrong  https://twitter.com/moshik_temkin/status/1213096204948639749Â â€¦",irrelevant or no opinion
49,1222540935491440640,-99,"Actually they do not have the right of return.  They are subject to the rules and regulation of the country they are in. China has quarantined the area, that means no coming or going.  Their lives are not in immediate danger. It is NOT a war zone.",irrelevant or no opinion
50,1236117814186070016,-1,"The studies has shown that this virus eminate from China, the focus is from ppl who visited China, this guy was from Italy of which statistics of corona virus in Italy not known, we rely on WHO for stats of corona in other countries, remember this is a new thing.",somewhat unfavorable
51,1220746816443957248,-1,That sounds completely insane and surely makes me feel very safe about a massive virus in China no problems here ha ha hağŸ˜¬,somewhat unfavorable
52,1225883678716420096,0,"10 years i lived in the states. My 22 others were overseas. Qatar, Vietnam, China, Norway, Netherlands, Germany, Kyrgyzstan.",
53,1230154323562303488,-99,Happy Wednesday!!! #locationlocationlocation #ilivewhereyouvacation #newhome #tucasanueva #usa #china #japan #germany #canada #france #uk #unitedkingdom #hongkong #italy #switzerland #RealtorBerniâ€¦  https://www.instagram.com/p/B8wPRm_AMjt/?igshid=117y3zz33l7rcÂ â€¦,irrelevant or no opinion
54,1225610920837156864,-2,"Over 60 million quarantined in there homes. Videos have emerged of doors being welded shut and locked shut with people inside. China is not reporting actual numbers, nor does China have any clue how many really dead, sick, dying... Look how quick the numbers growing on the cruise",most unfavorable
55,1227735404398379008,-1,"The UN health agency on Tuesday announced that ""COVID-19"" will be the official name of the deadly #CoronaVirus from China. ReadMore:  https://www.sciencealert.com/who-has-finally-named-the-deadly-coronavirusÂ â€¦ #nCoV2019 #CoronaOutbreak #Flu #Epidemic #ChinaFlu #COVID-19 #Wuhan",somewhat unfavorable
56,1232814173920382976,0,"ğŸ‘†ğŸ½#Obama: #American #LEADERSHIP during Ebola, not #AmericaFirst approachâ€”which #Trump has kept saying #Chinaâ€™s â€œhandlingâ€ #CoronavirusOutbreak. As he goes LIVE donâ€™t forget his #lies, Admin unpreparedness & 45 more worried abt #StockMarkets & re-election  https://youtu.be/OBSpUuHxNUUÂ ğŸ‘‡ğŸ½",
57,1225457877630038016,0,"#Coronavirus: UK sees rise in racism targeting Asian people after outbreak in China  And @Skynews is helping to feed fears by scaring the ğŸ’© out of people with sensationalised headlines & using images of 'asians in facemasks' to colour the story, idiots! https://news.sky.com/story/coronavirus-uk-sees-rise-in-racism-targeting-asian-people-after-outbreak-in-china-11927470Â â€¦",
58,1214063165333487616,-1,"""Made by a company that runs sweatshops in China""",somewhat unfavorable
59,1224932619256848384,0,Wuhan coronavirus outbreak suggests we arenâ€™t ready for a pandemic SEE DETAILS AT ==>  http://SURGICALMASK.vuhere.comÂ  #virus #coronavirus #sars #flu #china #trump #IowaCaucusDisaster pic.twitter.com/ww3pSnhjWt,
60,1230715618401193984,-99,Wow!!! From Mew China FC!!! â¤ï¸â¤ï¸â¤ï¸ #HappyMewSuppasitDay #MewSuppasit #mewlions https://twitter.com/MewGulf_ChinaFC/status/1230710624096673794Â â€¦,irrelevant or no opinion
61,1237603020147326976,-99,#trade Over 100 Builders Go Bust in China as Virus Strains Deepen  (Bloomberg) -- The coronavirus epidemic is accelerating a shakeout in Chinaâ€™s property sector as a cash crunch forces distressed developers to throw in the towel.With lockdowns across the worldâ€™s most-populouâ€¦,irrelevant or no opinion
62,1213818698470961152,0,Emma the beautiful silver panda from China,
63,1223059485578670080,1,Get Well Soon #Wuhan Hope for the best. Good Luck China govt.,somewhat favorable
64,1237041087656706048,-99,"Old news , really old news , what about the current news ? Oh thatâ€™s right , the last good news was the old news about China and Iran , not shut down because of the virus , but because you donâ€™t like them .The rest of infected countries fly in spreading virus",irrelevant or no opinion
65,1230693272596578304,-99,"Coronavirus: China reports 889 new confirmed cases; death toll at 2,236  http://dlvr.it/RQS4dPÂ   http://bit.ly/2wTtJVÂ  pic.twitter.com/ZrDAluMOj9",irrelevant or no opinion
66,1212245837729783808,-1,"HKers want genuine ""one country, two systems"", not the one implementing now  We need freedom and rule of law, these are fundamental of Hong Kong as an international financial hub   We want HK to have justice, not being like China as what we are experiencing since the handover  pic.twitter.com/kSvdsvcs7J",somewhat unfavorable
67,1219460124521254912,-99,We Challenged Chinaâ€™s â€˜Village Supermodelâ€™ to Make an Outfit on the Spot  https://ift.tt/2Rgg6aNÂ ,irrelevant or no opinion
68,1216726243414028288,-99,#luxury #futureofluxury #shahzadhaider #personalization #brand #niche #nyc #singapore #dubai #florence #losangeles #china #paris pic.twitter.com/7HIAUpKRnM,irrelevant or no opinion
69,1237758340941385728,0,"It's not racist to refer to #COVID19 as the Chinese Coronavirus. This follows standard naming protocols (West Nile Virus, Ebola, Lyme Disease, etc). Also, there are many different strains of coronaviruses, this one is new and came from China.",
70,1229028720930951168,-1,Coronavirus: China leader Xi Jinping knew about virus for weeks via /r/worldnews  https://ift.tt/3bIRdfSÂ ,somewhat unfavorable
71,1226924330182901760,-1,"Make sure that tag don't say ""Made in China""",somewhat unfavorable
72,1225855084581543936,1,Our prayers is God shows mercy on China n protect all those infected with the virus #Coronavius #ChinaziVirus,somewhat favorable
73,1222323284827570176,-99,"@WBZNightside @ShannonBream  ""DIFICHISPY""? Really? (DI-FI-CHI-SPY).  Even the good Senator (D) WHUHAN PROVINCE, CHINA....is well aware, that going down the path of witnesses, in an unconstitutional IMPEACHCOUP....  pic.twitter.com/oX7SiPkpRr",irrelevant or no opinion
74,1223039073503170560,-99,China postpones 2020 football season over virus fears  https://www.today.ng/o/204347Â ,irrelevant or no opinion
75,1225986804085481472,-99,@Chutintorn_Sam @China_Amb_India @drharshvardhan @boomlive_in @ChinaDaily @PDChina https://weather.com/en-IN/india/science/news/2020-02-07-coronavirus-outbreak-china-testing-antiviral-drug-race-find-cureÂ â€¦,irrelevant or no opinion
76,1212347836030947328,-99,Toyota Motor Corp.'s China unit was fined 87.6 million yuan (US$12.5 million) for price fixing.  http://bit.ly/2Q9ru7MÂ  @asiatimesonline,irrelevant or no opinion
77,1220493991591976960,-1,"You're right...join me in demanding the world embrace nuclear energy...but like I said...in your world we need to kill the planet, to save it. Are you really suggesting that there aren't parts of China that may not be inhabitable for 5000 years?",somewhat unfavorable
78,1233537883358629888,-99,"Dear @SecPompeo you should be very concerned. the Regime is totally indifferent to the spread of COVID-19,  first denied any cases in Iran, continued flights from China even when China had locked down Wuhan! Stop passengers from Iran from entering US. #irancoronavirus",irrelevant or no opinion
79,1237517040442843136,-99,No one is afraid of Chinese ppl. The virus simply originated in China.  https://www.mentalfloss.com/article/30440/12-diseases-and-lucky-places-they%E2%80%99re-namedÂ â€¦,irrelevant or no opinion
80,1225947937282199552,0,"oh yes china invented a milder flu with a mortality rate of 2% that mainly the elderly & folks with pre existing medical conditions fall victim to, to be used in what...warfare? hahahahaha.",
81,1214468019944140800,-99,So not sure how many Chinese in China actually see this content. Unless they also upload it to their local platforms.,irrelevant or no opinion
82,1221821342325981184,-1,"President Trump, CCP is sending WARS patients to HK on purpose. HK gov have no intention to block Wuhan citizens entering HK. Those China ppl are stealing from HKers healthcare system! Putting locals' life at risk. They should closed the damn border now!  çš‡å¤©æ“Šæ®ºä¸­å…±æ¸¯å…±  pic.twitter.com/ygLysiQ0MZ",somewhat unfavorable
83,1233500622630084608,-99,US coronavirus patient who was â€˜worldâ€™s firstâ€™ treated with experimental Gilead drug â€˜remdesivirâ€™ and recovered | South China Morning Post  https://www.scmp.com/news/world/united-states-canada/article/3050949/us-coronavirus-patient-who-was-worlds-first-treatedÂ â€¦,irrelevant or no opinion
84,1227066413086597120,-99,I don't even want to think about what would happen [because knowing what would happen] to the pets trapped in China's lock-down right now. And if it goes down thatğŸ‘‡ğŸ»way ... it needs to be exposed.  https://twitter.com/CassandraRules/status/1227045108878577665Â â€¦,irrelevant or no opinion
85,1233529128084758528,0,Couldnâ€™t find cheap enough ones from China before the corona virus hit,
86,1222921520676249600,-1,"Merck's stocks are tanking,since china got caught following the same sort of criminal behavior as merck and CDC..... NEVER vote for anyone who has merck in their portfolio nor in their donor lists...  https://twitter.com/LotusOak2/status/1221241263548178433Â â€¦",somewhat unfavorable
87,1229777559975596032,-1,When are you going to bring manufacturing jobs back? When is your family going to start making product in the US?? How much of your business is imported from China???,somewhat unfavorable
88,1226800097486426112,-2,The worst President & the worse Vice President in modern times. Together w/Hillary Clinton they F*cked this country up big time. The programs put in place just about bankrupted America. BORROWING money (that can never be paid back) from China! And Obama was not born here!  https://twitter.com/ernie_plumley/status/1226729349748903937Â â€¦,most unfavorable
89,1225745538022162432,-2,#China has said unification with #Taiwan since 1949. #China never owns Taiwan. #China is now fraught with #novelcoronavirus2019 . You speech is equivalent to intimidation against Taiwan. This is not allowed in Twitter.  Please call President Tsai.  Please mind your language.,most unfavorable
90,1226549761290973184,-99,@JoeBiden I  sent you a tweet before I ended up getting ripped off in China for the same type of hedge fund work that your son was starting up. I donâ€™t understand why you donâ€™t get back to me and tell me who I might be able to work with to get this covered. Maybe Fox News is next,irrelevant or no opinion
91,1214926075366707200,-2,"Pompeo was talking about the ""Re-education"" Camps. As the Marx Brothers said, ""Who are going to believe, me or your own eyes?"" USA and world need to disengage from China and bankrupt it. If it means war then so be it. Some things are worth dying for.",most unfavorable
92,1222714237618806784,-99,Coronavirus: Japan and US fly citizens home as China death toll jumps  https://www.theguardian.com/world/2020/jan/29/coronavirus-evacuations-begin-as-china-cases-outstrip-sars?CMP=share_btn_twÂ â€¦,irrelevant or no opinion
93,1214798705984827392,-99,Iran bombing U.S. military base kills at least 80 and injures 200 â€”â€”China Central Television  pic.twitter.com/3ovsLevnHB,irrelevant or no opinion
94,1214176459780059136,-99,"Curious about Chinaâ€™s Grand Strategy as a leading global power? TUES 2.11.2020 7PM - Join Patricia Kim, @USIP as she discusses this grand strategy & how the US should manage strategic competition with China going forward.  http://bit.ly/2FrzFWWÂ  @WestminsterSLC @WACAmerica",irrelevant or no opinion
95,1233419712937308160,-2,#SunYang is a piece of #Communist #ChinaVirus. Perfect example of why the World despise #China.  #SunYangDrugCheat,most unfavorable
96,1221093452785627136,-99,The Chinese city of Wuhan is set to build a hospital in six days in order to treat patients suspected of contracting the coronavirus @BBCWorld asks How can China build a hospital so quickly?  https://www.bbc.com/news/world-asia-china-51245156Â â€¦,irrelevant or no opinion
97,1225912737890537472,0,"If weâ€™re being honest, Chinaâ€™s shutdown of Wuhan could never have been replicated elsewhere. Any other country and it would have spread everywhere in no time  https://twitter.com/spectatorindex/status/1225910691078389761Â â€¦",
98,1233311199590150144,-2,"When you arrested and kidnapped all the people who revealed the truth about the Wuhan virus, such as Chen Qiu Shi and Fang Bin, all you left are the lies and propaganda China released. May I suggest you dig deeper into this situation and research who is kidnapped CQS and Fang Bin",most unfavorable
99,1214392980284542976,-99,"Yes, global warming and the dams in Vietnam and China; thereâ€™s an immense reliance on the Mekongâ€™s resources.",irrelevant or no opinion
100,1221606270580350976,-99,"Published a new blog entry Mike Adams: 300,000+ Fled Wuhan, China By Road As Quarantine Targeted Railways & Ai... http://www.silvergoldadvisor.com/index.php/home/entry/mike-adams-300-000-fled-wuhan-china-by-road-as-quarantine-targeted-railways-airportsÂ â€¦",irrelevant or no opinion
101,1236131172075307008,-1,"Meanwhile, in Xi Jinping's ""everything-is-under-control"" China:  https://twitter.com/YaxueCao/status/1235581128582598664Â â€¦",somewhat unfavorable
102,1221405749861134336,-2,"China isolated 1M muslims, Allah isolated 40M Chinese!",most unfavorable
103,1218702305136017408,-99,"The article states exactly what I said. Over the history of human- caused CO2 emissions, the US has put the most into the atmosphere.   China and India are gaining ground but to discount the USâ€™s responsibility and handwave away over a century of emissions is disingenuous.",irrelevant or no opinion
104,1217466974164393984,-1,"If this is true, then have a word with the multi national corporations of this world, itâ€™s them doing the damage. Canada and Australia leading exporter of coal, have a word with them, and China for burning it all. We are little people and we are trying, but u need to have a word",somewhat unfavorable
105,1214956551980617728,-99,via elonmusk: â™¥ï¸â™¥ï¸ Tesla China Team â™¥ï¸â™¥ï¸      Such amazing progress!! $tsla,irrelevant or no opinion
106,1235392349892685824,-2,When can we buy an i phone that doesnâ€™t have installed spyware from China. #MadeInUSA What will the estimated cost be to buy here? Is the 5G safe? Can you explain that at your town hall with @marthamaccallum thank you We Love President Trump!ğŸ‡ºğŸ‡¸â¤ï¸ğŸ‡ºğŸ‡¸â¤ï¸ #Trump2Q2QLandslide #KAG,most unfavorable
107,1224883821327405056,-99,"â€œI keep my promises,â€ President Trump says about the USMCA trade deal. â€œWe did our job.â€ He also talks about the â€œgroundbreakingâ€ phase one China trade deal. #SOTU  https://cnb.cx/2RZvDMvÂ  pic.twitter.com/YqNKTivQ7g",irrelevant or no opinion
108,1214222433718296576,-99,You have China pay for it...,irrelevant or no opinion
109,1214713537932746752,1,"Chaparral Elementary 6th grade students recently completed a unit on Ancient China. Working in groups, students created books about â€œThe ABCs of Ancient Chinaâ€. After their books were completed, they visited a 1st grade class to read their books! #growlearnlead #choosedistrict pic.twitter.com/tlcy9tMI7Y",somewhat favorable
110,1219624294507929600,-99,#Latest number on Wuhan coronavirus at 21:00: a total of 309 people infected in China - Peopleâ€™s Daily,irrelevant or no opinion
111,1226863565115707392,-1,"Now it is a common issue for Chinaâ€™s police force to break into citizensâ€™s and destroy their only entertainmentâ€”Mahjong, the most wildest loved game in China.  ç¾åœ¨ä¸­åœ‹çš„è­¦å¯Ÿå‹•ä¸å‹•å°±æ“…é—–æ°‘å±…ï¼Œç ´å£æ°‘çœ¾æ‰“éº»å°‡çš„å”¯ä¸€è‡ªæˆ‘éš”é›¢æ–¹å¼ã€‚  pic.twitter.com/xeHx8vqtjC",somewhat unfavorable
112,1229014322354933760,-1,"If Huawei is a real private company, why it is backed up by Senior China diplomat?",somewhat unfavorable
113,1232077709548847104,-1,"This is how mankind goes out, not by an asteroid striking earth, but by a virus that emanated in China. @BretBaier @BillHemmer @SandraSmithFox @marthamaccallum @ShannonBream https://twitter.com/willchamberlain/status/1232009630714384385Â â€¦",somewhat unfavorable
114,1231618999412150272,-2,"why you show those? why you provide an expanation?just leave them in illusions. i hope they could find a better way to get rid of the virus instead of taking the same measures as China has done. in their concept,human rights are above lives.  haaaaaa.....very funny",most unfavorable
115,1213664242265731072,-99,Super Smash and Tournament of China - the custom mods! #LetsPlay #MountAndBlade #FirstLook #SpecialFeature #Episode6 #108Heroes #WarbandMod  https://youtu.be/VhpJTlXfK_8Â  via @YouTube,irrelevant or no opinion
116,1218885712797323264,-99,New India-China military hotline to become operational between DGMO and Western Theatre Command  https://economictimes.indiatimes.com/news/defence/new-india-china-military-hotline-to-become-operational-between-dgmo-and-western-theatre-command/articleshow/73204552.cms?utm_source=contentofinterest&utm_medium=text&utm_campaign=cppstÂ â€¦,irrelevant or no opinion
117,1218323294480289792,-99,"The us has stripped China of its ""currency manipulator"" label  https://youtu.be/1kUiahxV78IÂ  via @YouTube",irrelevant or no opinion
118,1225275990106165248,-99,#citiesskylines @citiesskylines @ColossalOrder @Hangzhou_CHINA #China #HangZhou #ShowHangzhou #æ­å· #ä¸­å›½  ã€ŠåŸå¸‚å¤©é™…çº¿ã€‹å¹³è¡Œä¸–ç•Œ1:1ä¸­å›½æ­å·  hahaha pic.twitter.com/sBTjhnVv4B,irrelevant or no opinion
119,1223041471059841024,0,Trump adm mum on secretive Kushner meeting in China in 2017 An wrong time assume that they wonâ€™t reveal anything either so donâ€™t hold your breath. Trump IS above the law and so are his children. At least thatâ€™s what my take away is from this #ShamNonTrial https://www.cnbc.com/2020/01/30/trump-administration-mum-on-secretive-kushner-meeting-in-china-in-2017.htmlÂ â€¦,
120,1224383561874063360,-1,I wonâ€™t be posting any information or findings about nCov ARD that originates from within China unless its also vetted by the US CDC.   Itâ€™s very clear that theyâ€™re not being truthful about the number of deaths and illnesses resulting from the virus,somewhat unfavorable
121,1225631934144864256,-1,"The #coronavirus does not discriminate, it infects everyone equally. I hope China learn from Corona.",somewhat unfavorable
122,1220383200985395200,-99,"Cognizant Named a Top Employer 2020 in Australia, Singapore and China  https://lnkd.in/fPejKQeÂ ",irrelevant or no opinion
123,1224866563674820608,-99,"âš ï¸ #Japan confirmed that atleast 10 people on cruise ship tested positive for #coronavirus so far, while Singapore reported  new cases atleast four involving human-to-human transmission.  #China death toll at 490, with 24,324 #coronaviruschina #WuhanVirus https://www.bloomberg.com/news/articles/2020-02-04/china-will-soon-find-out-if-mass-quarantine-worked-virus-updateÂ â€¦",irrelevant or no opinion
124,1227826871187853312,-99,US investigates Harvard and Yale over foreign funding: The elite universities are asked to disclose details of gifts from Saudi Arabia and China.  https://www.bbc.co.uk/news/world-us-canada-51481396?utm_source=dlvr.it&utm_medium=twitterÂ â€¦ pic.twitter.com/QUCkCiPD7X,irrelevant or no opinion
125,1217141852878622720,-1,Biden is done Democrates will try to rig elections for Biden! Maybe Biden can use the Billions he laundering from Ukraine and China to help him! Biden loses again the run for President! Americans love Trump MAGA â¤ï¸â¤ï¸âœï¸âœï¸âœï¸ğŸ‡ºğŸ‡¸ğŸ‡ºğŸ‡¸ğŸ‡ºğŸ‡¸!,somewhat unfavorable
126,1226875232113364992,0,One of my online piano students lives in a pretty heavily affected area in China. Their town is quarantined and no businesses are operational. Very serious.,
127,1229345566699581440,-2,"China training children to be spies when they grow up, this is messed up.",most unfavorable
128,1221133659660603392,-99,Capt. Trips #coranavirus Coranavirus update Just not good I'd say for anyone anyplace anymore sighs #outbreak #CHINA @7NewsWatertown hello is their anybody in there?  ğŸ‘ï¸ Minion https://twitter.com/WarsontheBrink/status/1221128092846055424?s=20Â â€¦,irrelevant or no opinion
129,1233488975073071104,-2,"Chinese are moving here, no one immigrates to Communist China. Is it possible the Elite-Democrat Super-Rich are working with Communist China's Biological Warfare to crash US Markets, helping Bernie Sanders to win the election?  Is the election being influenced by Communist-China?",most unfavorable
130,1224681442355171328,-99,china outa force a labour in no longer produced a fabric towards management in controle to business while theirs to once was off line to is now forward president Xi sustainable and environment friendly chinese economy online theirs to communist party work at home is income online,irrelevant or no opinion
131,1227357612771102720,-2,"China Is Literally Dragging People Out of Their Homes and Sending Them to â€œMass Quarantine Campsâ€  https://www.dcclothesline.com/2020/02/10/china-is-literally-dragging-people-out-of-their-homes-and-sending-them-to-mass-quarantine-camps/Â â€¦  "" Coronavirus seems like a deadly virus         toaccording to these pictures",most unfavorable
132,1221455954174251008,-99,China confirms 56 deaths as coronavirus spreads to multiple countries  https://twitter.com/i/events/1219057585707315201Â â€¦,irrelevant or no opinion
133,1220370421255680000,-99,Calls for a US 'digital dollar' rise as China powers ahead with a digital yuan  https://cnb.cx/2TPHJZOÂ ,irrelevant or no opinion
134,1222210075026055168,-1,Sad we must wait for samples from US victims to begin testing... China should have sent samples right away to all countries capable of investigating.  https://twitter.com/nowthisnews/status/1222190002748248064Â â€¦,somewhat unfavorable
135,1224336171737763840,-1,"Waiting for the headline â€œShoddily Built Hospital in Wuhan, China Collapses, Killing Hundredsâ€  Chinese stocks fall sharply as coronavirus cases and deaths keep climbing - The Wall Street Journal  https://apple.news/ABjgtq9etQUGiX0oISJfTvQÂ â€¦",somewhat unfavorable
136,1223965174698213376,-1,The prosecution in the matter of the Impeachment of Donald J Trump calls Mark Esper.    China ... are you listening?   Of course they are. <smh>,somewhat unfavorable
137,1226483191017435136,-99,A6) CHINA #LetsCrackIt #ContestAlert #Crackathon  Join friends  @suranasaurabh55 @Veena51786329 @Monu_17 @VimalDarji5 @ajaysahoo1981,irrelevant or no opinion
138,1225970765717286912,-1,Meanwhile MILLIONS waiting it out in very tough conditions in CHINA...PLEASE...stop your whining!!!  https://twitter.com/WakeUpCanada1/status/1225970280557924354Â â€¦,somewhat unfavorable
139,1227410786236215296,-2,"I don't know who or what is treated worse in China, animals or humans?",most unfavorable
140,1234600024572645376,-99,"Unfortunately, no. Itâ€™s not always treatable and even if only 2% of the population in America dies.. thatâ€™s still a ton of people. The people most at risk are the young, old, and immune compromised. If it spreads like it did in parts of China, America will see some dark days.",irrelevant or no opinion
141,1232462233956831232,-2,"As TRUMP lies about the Wuhan flu? Is this a joke? CHINA is the one LYING to the world about this, and where it all started. How does CHINA get off the hook but this is some how an electoral issue here in the USA?",most unfavorable
142,1220336882766295040,0,"Chinese New Year is 25th Janâ€™20, and itâ€™s a huge celebration in Bangkok too. Where? Head to China Town on Yaowarat Road; itâ€™s 15 minutes from us by road. Ask at reception for more information.  pic.twitter.com/7BqGoIbnX9",
143,1234643160682332160,-99,"Itâ€™s inevitable given the proximity to China, large vilume of traffic & long incubation period of two weeks where people are asymptotic but infect others. Good news: most cases are mild to moderate with low mortality and home isolation can prevent further spread. No panic please",irrelevant or no opinion
144,1232321254067245056,-99,China Petroleum & Chemical $SNP Upgraded to Hold by Zacks Investment Research  http://zpr.io/tD2PNÂ ,irrelevant or no opinion
145,1219643558245699584,-2,tbh im so scared of the corona virus bc theres suddenly like chinese ppl influx in our country every frickin time i go to malls there are chinese are we being sold to china,most unfavorable
146,1231613381477429248,-1,I immigrated to US not to relive the worst nightmare during socialist China (which is nothing like today's China if you get confused).  I still have confidence that if Bernie is elected he can implement none of his agenda.  I'll definitely move out if the worst case happens.,somewhat unfavorable
147,1220108449427492864,-99,"Bullshirt.  If he was concerned with corruption, China has some trademarks to ask about.  All elected Republicans are corrupt. Rafael is also a disgusting human.",irrelevant or no opinion
148,1226958385377169408,0,"Hypothetically speaking, if the coronavirus kills half the population of China, but their emissions stay the same, then they will emit more per capita than we do.  Will that mean their emissions have gotten worse?  Will they be more of a problem, with the exact same CO2 level?",
149,1225545784634085376,-99,The Global Times says #China is considering invoking a disaster clause in the Phase 1 trade deal due to the #coronavirus. The agreement allows for the 2 sides to consult on amending the terms of the deal in the case of an unforeseeable event outside their control.   2/12,irrelevant or no opinion
150,1228167983874203648,-1,"Futurism: Coronavirus (COVID-19) Test Kits are Broken in America, Scarce in China.  https://futurism.com/neoscope/coronavirus-covid19-test-kits-broken-america-scarce-chinaÂ â€¦  via @GoogleNews",somewhat unfavorable
151,1226966618992971776,-99,Busted Pompeo speaks to US Governors Says China Has a List of Sell Out G...  https://youtu.be/mnY91nFiOagÂ  via @YouTube,irrelevant or no opinion
152,1220864034674806784,-99,1.4 Billion people live in China. ğŸ™„ 7500+ died as a direct result of alcohol on the UK in 2018. ğŸ‘€,irrelevant or no opinion
153,1233895579069009920,2,"Indonesia , China , Korea ~ â™¡ I Love It",most favorable
154,1234667696177831936,-99,WSJ Examines Apple's Reliance on China Amid Coronavirus Outbreak  http://dlvr.it/RR79CwÂ  $AAPL pic.twitter.com/1IE9xkojR1,irrelevant or no opinion
155,1230969724999208960,-99,"I can understand that. My uncle used to work nights for English China Clays (as it then was) down in mid-Cornwall and he admitted he only did it because he had, in his own words, ""three brats"" at home who needed to be fed.",irrelevant or no opinion
156,1223459334610272256,-99,Malaysia its time to put a travel ban to and from China,irrelevant or no opinion
157,1230727234257735680,-1,BREAKING: 220 cases of #COVID19 reported in worst-hit Hubei. China's national health commission says prisons were not included in the country-wide network of reporting coronavirus. Well Done.  Wait for the numbers to shoot up.,somewhat unfavorable
158,1224545112308494336,-99,"China to Cut Rates Across the Board, UBS AMâ€™s Briscoe Says   https://www.bloomberg.com/news/videos/2020-02-04/china-to-cut-rates-across-the-board-ubs-am-s-briscoe-says-videoÂ â€¦",irrelevant or no opinion
159,1220641491514687488,-2,"I am too but should china take a slap in the market that ripple effect will be massive for others, then you'd have the repercussions on food fuel medical supplies creating a situation where this virus could breed further like we saw with the 1918 Spanish Flu",most unfavorable
160,1224683290810101760,-99,#Coronavirus: #UK tells all #Britons to leave #China 'if they can'  https://www.bbc.co.uk/news/uk-51374056Â â€¦,irrelevant or no opinion
161,1233122141782061056,-99,"For the first time, the coronavirus has caused more new cases outside China, the epicenter of the outbreak, than inside the country. With Brazil on Wednesday confirming Latin Americaâ€™s first case, the virus has reached every continent but Antarctica.  https://montreal.citynews.ca/2020/02/27/china-south-korea-covid-19-cases/Â â€¦",irrelevant or no opinion
162,1214889556979396608,1,Have Western reporters ever left home when covering China? Imagination is all they need.,somewhat favorable
163,1230580291242119168,-1,And yet... China wants to pay $12 for it.,somewhat unfavorable
164,1219530647640977408,-1,That mysterious virus in China is jumping from person to person  https://ift.tt/2RbBcquÂ  pic.twitter.com/ApPhe3eC2x,somewhat unfavorable
165,1220914372387594240,0,"you mentioned Canton, and I can give you more, like Yunnan, Guangxi and, Hubei, many people in those area do have a taste for strange game. But in the rest of China, more people find them unacceptable, according to the comments on their media.",
166,1230198476954357760,-1,China's #CCP government vs actual reporting of the truth about #coronavirus #COVID19: https://twitter.com/annafifield/status/1230091980224417793Â â€¦,somewhat unfavorable
167,1216510343880626176,0,Air China: Stavanger (SVG) to Hangzhou (HGH) just US$ 1666 Business Class Round Trip incl all taxes and fees  https://mightyfares.com/2020/01/13/air-china-stavanger-svg-to-hangzhou-hgh-just-us-1666-business-class-round-trip-incl-all-taxes-and-fees/Â â€¦,
168,1225352506638766080,-1,What will it take to end #wildlife consumption in #China? #coronaviruschina  https://news.cgtn.com/news/2020-02-05/What-will-it-take-to-end-wildlife-consumption-in-China--NOLCZrfIvS/index.htmlÂ â€¦ via @cgtnofficial,somewhat unfavorable
169,1221491611533824000,0,Time line from @LowyInstitute displaying how #China displaced the #US as the #trading partner for most countries https://twitter.com/mcgregorrichard/status/1207811514356224000Â â€¦,
170,1227612614034784256,-99,Also this might be easier to understand since no-one here is an expert on law or China.  https://www.foreignaffairs.com/articles/china/2017-05-16/has-china-restored-private-land-ownershipÂ â€¦,irrelevant or no opinion
171,1226463000061599744,-99,China has been flying what it calls 'island encirclement' drills on-off since 2016. #FMTNews #Taiwan https://www.freemalaysiatoday.com/category/world/2020/02/09/taiwan-scrambles-jets-as-chinese-air-force-flies-around-island/Â â€¦,irrelevant or no opinion
172,1216934423695896576,-1,Taiwan is not China.   Hong Kong is not China.  Tibet is not China.   Those are the facts of reality.,somewhat unfavorable
173,1219592746702381056,-99,Human-to-human transmission confirmed in China coronavirus  https://www.wusa9.com/article/news/nation-world/china-coronavirus-human-to-human/507-6b2edcfc-e19e-412d-8b3b-53314d3d7ae3Â â€¦,irrelevant or no opinion
174,1220825361627238400,-1,Anyway of getting Joe Bidden to go to China and fight this virus?  I am sure he can take it in the alley and beat it up   Have him take Hunter with him ğŸ˜„ğŸ¤£ğŸ˜†  They shouldn't come back until they have beaten it  ğŸ˜,somewhat unfavorable
175,1220156177876578304,-2,"Tell me about it, there's like, whole hotels in Southern California operating as ""hospitals"" that charge Chinese women who are mostly peasants getting pregnant thru force over in China, over $250K to have a baby here for anchor baby status. Then they go back home+sell the baby.",most unfavorable
176,1217358172056244224,-1,All government should make climate education mandatory specially USA china india australia germany n UK...these are countries who are emitting most carbon  https://twitter.com/ClimateReality/status/1217251054468976642Â â€¦,somewhat unfavorable
177,1223085832292065280,-99,It's a matter of time before we have a confirmed case of nCov given our proximity to the epicenter (China).,irrelevant or no opinion
178,1229294163117707264,-99,"#China had confirmed by Monday morning *70,635 infections *1,772 deaths (+106) *694 confirmed cases *3 deaths were reported outside China in a total of 25 countries... quote twitter  https://twitter.com/i/status/1229258815587020800Â â€¦",irrelevant or no opinion
179,1217518524672987136,-99,"Do you mean Peter, the entity which was being issued the Treasury security?  That is.  I assume you are asking about the implications if, say, China buys the Treasury securities? Thanks.",irrelevant or no opinion
180,1213834788257325056,-99,Amazing....China has a history of doing such constructions.,irrelevant or no opinion
181,1237070875595137024,-1,"""There was no obvious reason not to start developing & manufacturing the test kits from early January when the virus was identified in China""  They would've called him crazy/fear mongering Trump got roasted by Democrats & media when he shut down travel w/ China at END of January",somewhat unfavorable
182,1233778284011368448,-99,Corona Virus:Kenya bans Flights From China as Iran Vice President Infected  https://healthvoices.co.ug/index.php/2020/02/29/corona-viruskenya-bans-flights-from-china-as-iran-vice-president-infected/Â â€¦ via @Health voices,irrelevant or no opinion
183,1214034606724460544,-99,"The international spotlight will be turned on B.C.'s Supreme Court this month as Huawei executive Meng Wanzhou's extradition hearing is set to begin, more than a year after her arrest shattered Canada-China relations.  https://buff.ly/2ZXNhmeÂ ",irrelevant or no opinion
184,1225292833856188416,-2,#CCPChina is good at Math...especially on death rate... #WuhanCoronavirusOutbreak #ChinaVirus  https://twitter.com/juanli324/status/1225265123201142784Â â€¦,most unfavorable
185,1228831204251553792,-2,"It's just like the bad guy in society. Every girl thinks they can change her. @Pontifex probably thinks China will be willing to open up the Chinese society to Catholicism, without realising CCP doesn't care, even more so now that Xi has consolidated his power at the top.",most unfavorable
186,1218623702167846912,-99,Jeffrey Ding on AI in China | Mercator Institute for China Studies  https://www.merics.org/en/podcast/jeffrey-ding-ai-chinaÂ â€¦,irrelevant or no opinion
187,1227734300507815936,-99,Last game v China tonight @BankwestStadium! Canâ€™t wait to see you all there ğŸ’ƒğŸ» pic.twitter.com/YnAzEmOwCx,irrelevant or no opinion
188,1222094350810615808,-99,JUST IN: Japan confirms virus in man who had not been to China. | via @AFP pic.twitter.com/bUWIq28DNb,irrelevant or no opinion
189,1223980617748054016,-1,"Mr.President, yours is an Islamic Republic, but also a Democracy.   When your citizens who are in China need your assistance to leave that country, you can't take refuge behind scriptures.   Urge your government to do its best.   If beyond your capabilities, request India.  https://twitter.com/ArifAlvi/status/1223233085954719744Â â€¦",somewhat unfavorable
190,1217820562027876352,-2,"You have been a Senator for years and years and have done NOTHING with regard to China! You have some set on you, for once Chuck, be happy for the American farmers and workers!",most unfavorable
191,1222414380521779200,-1," http://ajilab.xsrv.jp/wdata/20200129160114224887.htmlÂ â€¦ (LV.7) China virus toll passes 130 as U.S. weighs flight ban, nations evacuate citizens | The Japan Times  https://www.japantimes.co.jp/news/2020/01/29/asia-pacific/science-health-asia-pacific/u-s-nations-prepare-evacuations-virus-spreads-china/#.XjEkemgzaUkÂ â€¦",somewhat unfavorable
192,1231654609766289408,-1,"The beneficiary was largely â€œopenâ€ trade supporting China, who actually gamed the system through anti-competitive practices. Add in US corporate/financial/political elite.  The loser was the low/mid classes in the US, who saw little to no benefit from this policy stratagem.  2/2",somewhat unfavorable
193,1230437294533820416,-99,"Australia will extend a ban on arrivals from mainland China into a fourth week, to contain the spread of Covid-19. Australia has 15 cases so far, but did not record any new infections since the travel ban was imposed on February 1  pic.twitter.com/0wUjMBjZyh",irrelevant or no opinion
194,1226787075359305728,-2,"Why are China & Qatar donating large sums of money to Our Universities? Are they buying Democrats, interfering in Our ELECTION?  https://finance.yahoo.com/news/harvard-leads-u-colleges-received-100000585.htmlÂ â€¦",most unfavorable
195,1220785425515732992,0,"China is building a 1, 000 bed hospital to combat the Coronavirus outbreak.   But guess what?   They are building it in a record 12 days. The building replicates a General hospital built in Beijing in 7 days to combat the outbreak of SARS.   #China #ChinaCoronaVirus #ChinaWuHan pic.twitter.com/rC3QmrgFVP",
196,1218923052458639360,-2,#GretaThurnberg can your dad explain this? And can you have your dad telll is why they donâ€™t go after China? They are the biggest polluters! #China  pic.twitter.com/Qnm77sFxhW,most unfavorable
197,1220460309401559040,-99,Stock-Market Responses Triggered by the U.S.-China Trade War  https://on.wsj.com/2udDUmjÂ ,irrelevant or no opinion
198,1222368794821251072,0,Nobody even did anything to offend China on purpose. You guys actually try,
199,1225544632421044224,-2,Itâ€™s a bio weapon accident itâ€™s will have to burn itself out   Trust and China ğŸ‡¨ğŸ‡³ will never be in the same sentence again,most unfavorable
200,1224503628439834624,-2,China is run by the biggest babies in the world  And we need to stop enabling them,most unfavorable
201,1217485906137026560,-2,"Sad ""timing "" I guess her timing was to interfere with our great president signing phase 1 with china ....sorry nancy your "" time"" is up our president isnt stopping nor are the American people . Best of luck",most unfavorable
202,1235006068041883648,0,Also.... in regards to the original post. Just because a virus or disease started in China does not permit people to be racist towards all Asian people!! A disease does not discriminate and over here in the uk the confirmed cases are not Asian people ğŸ¤·ğŸ½â€â™€ï¸,
203,1228593111183626240,-99,Chinaâ€™s startups on the ropes after virus freezes funding  https://economictimes.indiatimes.com/small-biz/startups/newsbuzz/chinas-startups-on-the-ropes-after-virus-freezes-funding/articleshow/74134562.cmsÂ â€¦ #Startups pic.twitter.com/yL2QLMKu4y,irrelevant or no opinion
204,1214340068464156672,-99,"@Apple kiosk outside Roseville Apple (not Apple) manned by immigrants China in seconds confirm my phone powered up, installed new screen $75, which I needed to supply fucking Appky instance with a phone number to begin processing stolen new phone they had sold me days earlier.",irrelevant or no opinion
205,1222182971978977280,-99,"I do remain concerned about an overdependence on one country, notes @CSkidmoreUK signalling desire to diversify from China and he points out new graduate route announced yesterday sees @UKRI_News not Home Office making visa decisions #IGE2020 pic.twitter.com/u6jkjhnjiY",irrelevant or no opinion
206,1233889802354864128,-99,BBC News - Coronavirus: Nasa images show China pollution clear amid slowdown  https://www.bbc.co.uk/news/world-asia-51691967Â â€¦,irrelevant or no opinion
207,1221082862826311680,-1,I don't think that's the real number of deaths. This doctor said that China government is lying  https://youtu.be/dy5ajSRVdJsÂ ,somewhat unfavorable
208,1231585324553383936,-99,"New China CCID ranking: EOS #1, TRON #2 and Bitcoin #11 #bitcoin #btc #eos #eth #ethereum #trx https://www.crypto-news-flash.com/new-china-ccid-ranking-eos-1-tron-2-and-bitcoin11/?_unique_id=5e528ad589bfbÂ â€¦",irrelevant or no opinion
209,1222925654859177984,-99,"China, if youâ€™re listening - Wilbur would appreciate it if people could die faster because he needs to bump up the economy before November.",irrelevant or no opinion
210,1216640133878804480,-1,People in Taiwan have 'Republic of China' on their passport. Is that an error?,somewhat unfavorable
211,1213958068104552448,-2,"I was speaking only about the picture and survey in question - not the current Iran situation. Like it or not, the US keeps those dictators in check so it looks like they are passive or peaceful. Imagine a world in which the dominant power is Iran, China, Russia, or North Korea.",most unfavorable
212,1226721672121724928,-2,"The man-made epidemic in Hubei was a genocide by the Communist Party against 70 million people in Hubei. With the release of data from all parties, the number of deaths must be astronomical. Most of them are high-quality urban residents in central urban areas. #Coronavirus #china  pic.twitter.com/d60Z5DVt1m",most unfavorable
213,1226911202514624512,-99,"US federal prosecutors have charged four members of Chinaâ€™s Peopleâ€™s Liberation Army over the 2017 #Equifax hack, in which some 147 million customers of the credit reporting agency had their personal data stolen. https://www.verdict.co.uk/equifax-hack-chinese-military/Â â€¦",irrelevant or no opinion
214,1221463053234913280,-2,I GUESS THAT THIS FUCKING VIRUS FROM THOSE PEOPLE IN CHINA  JUST LITERALLY THOUGHT US THAT WE NEED TO BE HEALTHY FOR A LONGER LIFE MGA TANGE!,most unfavorable
215,1228271785264787456,-2,#China Expands Chaotic Dragnet in #coronavirus Crackdown... The â€œwartimeâ€ campaign to round up all who might be sick was extended for all China and left some to die... Remember: Gotcha!  pic.twitter.com/ChBwX5qibC,most unfavorable
216,1216728155500625920,-99,"China Coast Guard ship will make a goodwill visit to Manila on Friday. According to earlier information, Philippines & China will hold a CG exercise ""to discuss the [SCS] issue, and help improve the line of communication between the two nations when it comes to maritime patrols.""  https://twitter.com/FMangosingINQ/status/1216722114062897152Â â€¦",irrelevant or no opinion
217,1227966469226414080,-99,"Deaths in China from novel coronavirus top 1,300 as country expands diagnosis  http://www.msn.com/en-ca/news/world/deaths-in-china-from-novel-coronavirus-top-1-300-as-country-expands-diagnosis/ar-BBZWpGu?ocid=ob-tw-enca-693Â â€¦",irrelevant or no opinion
218,1228050631627354112,0,Because the US is still higher than china per capita.  China: 6.4 tons  US: 15 tons Saudi Arabia 16.3 tons,
219,1233970519512403968,0,"To the People celebrating over China banning AO3, just admit youâ€™re xenophobic and delete your account.",
220,1226881456691204096,-99,The @WHO has declared a global health emergency over a new virus called #Coronavirus.  It has killed at least 490 people in mainland China and two more elsewhere following an outbreak in the central Chinese city of Wuhan.  #StopEpidemics #Stopcoronavirus: https://www.aljazeera.com/news/2020/01/coronavirus-symptoms-vaccines-risks-200122194509687.htmlÂ â€¦,irrelevant or no opinion
221,1222596375625465856,-99,"New Article: Coronavirus live updates: Outbreak is â€˜grave concernâ€™ as infections spread beyond China  https://tradeforprofit.net/2020/01/coronavirus-live-updates-outbreak-is-grave-concern-as-infections-spread-beyond-china/Â â€¦ #businessNews January 29, 2020",irrelevant or no opinion
222,1220395146400976896,-99,Leaks from china are also saying they are air dropping disinfectant on cities by plane.,irrelevant or no opinion
223,1228140176662097920,-1,"@Ram_Guha ,@DrSJaishankar  ,@AmitShah ,@narendramodi  So nehru u call architect of modern India, a few iits, iims, 1aiims,a few industries for 50 cr people, who gave security council seat to China,who is architect of j& k ISSUE, NEPOTISM & Corruption ,distorted history by LEFT",somewhat unfavorable
224,1228765033011658752,-2,"BREAKING: Coronavirus Outbreak Exposes Chinaâ€™s Monopoly on U.S. Drug, Medical Supplies  https://www.diamondandsilk.com/blog/2020/02/14/breaking-coronavirus-outbreak-exposes-chinas-monopoly-on-u-s-drug-medical-supplies/Â â€¦",most unfavorable
225,1227693020511862784,-2,"WOW,Just ask why these People are  being ALLOWED IN FROM CHINA , It seems all ONE WAY TRAFFIC, THEY AND THEIR AWFUL PLASTIC GOODS pour into the WESTERN WORLD  and HARDLY PURCHASE a THING FROM US      TIME TO STOP ALL OF THIS    ğŸ§ğŸ§ğŸ§ğŸ§ğŸ˜›ğŸ˜›ğŸ˜›ğŸ˜›ğŸ˜›ğŸ˜›ğŸ˜›ğŸ˜›ğŸ˜›ğŸ˜›ğŸ˜›ğŸ˜›ğŸ˜›ğŸ˜›ğŸ˜›ğŸ˜›ğŸ˜›ğŸ˜›ğŸ˜›ğŸ˜›",most unfavorable
226,1223024631814201344,-99,"Maduro has also allocated support from China, Cuba, Russia and Turkey, according to Shifter.",irrelevant or no opinion
227,1227445497658560512,0,"Stealth Killer? Chinaâ€™s Air Defenses Are Surpassing Russiaâ€™s Anti-Aircraft Weapons: While the West has been focusing on the power of advanced Russian anti-aircraft missiles such as the S-400, it should haveâ€¦  http://dlvr.it/RPsKMgÂ  #25thAmendmentNow #ImpeachTrump #TheResistance pic.twitter.com/t98KoI1gII",
228,1227300589991858176,0,China just built a 1000-patient hospital in 10 days.  TEN.  This is industrial output the US no longer possesses.    https://www.youtube.com/watch?v=3Sh7hghljuQÂ â€¦,
229,1217259811596726272,-99,Hmmm... What kind of reach around is that? The Importance of Being China  https://nationalinterest.org/feature/importance-being-china-112951Â â€¦,irrelevant or no opinion
230,1236120444425490432,-1,"#coronavirus: #Italy reports biggest daily jump in death toll: 197  Officials said 49 people had died in 24 hours, while more than 4,600 cases have been reported in total  Now we see the real death %, not the fake stats from #China  https://www.bbc.com/news/world-europe-51777049Â â€¦",somewhat unfavorable
231,1232274119019941888,-99,"Tim, the brain genius:   Trump built the wall to secure the US borders but the virus originated from china, where most of the confirmed cases are located, but there are still inbound flights from China and other countries with confirmed cases of infection, ha this makes sense.  pic.twitter.com/ksV10n02vy",irrelevant or no opinion
232,1233925144827105280,-1,The tweet is understandable considering how many thousands of cases of the virus is in China. She has a right to be worried an to ease her mind she made a joke. Thereâ€™s a chance she could get sick but you donâ€™t care about that! you only care about whoâ€™s feelings could get hurt!  pic.twitter.com/xA3ErTQkIm,somewhat unfavorable
233,1225781045435523072,-2,Before you pop that bubble wrap Remember the air in it is from China #CoronaVirusFacts,most unfavorable
234,1230537045002653696,0,"Itâ€™s wild, Corona is continuing to put a lot of pressure on the China Model both domestically and abroad. It will be interesting if the neoliberal consensus in regards to governoring will prove more resilient than people imagined.",
235,1235774974427893760,0,the fact is that 50000+ people has been cured. pic.twitter.com/o23pxVs74v,
236,1223971229176147968,0,Chinese people due to return to Africa after their new year celebrations should  think twice before coming back . Our health systems are not as good as your health system. If you travel back to Africa you have a higher chance of dying than if you decide to stay in China.,
237,1213919451093118976,-99,"this is a pretty dramatic misinterpretation of what i'm saying, which is not that China is ""great for queer rep"" but rather that the West is extremely not.... so",irrelevant or no opinion
238,1227182484493885440,-99,Exclusive: China's top virus expert says outbreak may peak this month  https://reut.rs/37hfpm0Â ,irrelevant or no opinion
239,1221208876982378496,0,"Why would Disney dedicate a whole film just to please China? I'm not saying your wrong, but that seems unlikely",
240,1226879541819379712,0,Mandy Wang: The BSV community in China are true believers:   https://www.youtube.com/watch?v=9uLEWtUtojcÂ â€¦,
241,1227808012384993280,0,New shipment of @realDonaldTrump hats from China.... probably made by these ladies (right @IvankaTrump ?) pic.twitter.com/gNa7k1bKyK,
242,1224022479598809088,-99,"Bade bhai India lostÂ about 43,000 square kilometres ofÂ land, captured byÂ ChinaÂ in Aksai Chin. It is of the size of Switzerland in 1962 india china war",irrelevant or no opinion
243,1226173624337350656,-99,"As China suffers from coronavirus, some wonder: Is it really that serious?  3 questions answered.. It is too early to predict an end in sight.  https://theconversation.com/as-china-suffers-from-coronavirus-some-wonder-is-it-really-that-serious-3-questions-answered-131360Â â€¦",irrelevant or no opinion
244,1215388046230683648,-99,A quarter of the global pig population has been wiped out. Hereâ€™s why.  https://www.washingtonpost.com/opinions/2020/01/06/why-global-swine-fever-epidemic-is-hitting-poor-people-hardest/Â â€¦ #pork #pigs #disease #china,irrelevant or no opinion
245,1236472387836637184,-2,"Hey everybody, the fat ass from Minneapolis is here to tell us socialized medicine, like they have in China where this all started, is preferable.",most unfavorable
246,1214319404155957248,-1,The problem here is the attitudes of the people who find solutions to this. China's 1 child policy was seen as human rights abuse.  Zero population growth.....2 kids.....is probably a better bet Educate women and the birth rate goes down,somewhat unfavorable
247,1220890425873117184,-2,"The beginning efforts to have America follow in paths of outright Communism and Socialism ala China, Russia, etc.",most unfavorable
248,1231594945691041792,-2,#StandWithUyghurs #China_is_terrorist https://twitter.com/CSIS/status/1231264890041462784Â â€¦,most unfavorable
249,1231061447205179392,-99,2020 movie #31: Big Trouble in Little China,irrelevant or no opinion
250,1224006085306146816,-1,Is Ivanka spreading a dangerous disease w all her business deals in China?Is Trump mentally ill and having regular strokes in public? Are the R senators cheats and dishonest people?,somewhat unfavorable
251,1237190772786520064,0,"I didn't do great research while I was here and bought a ""gaming"" laptop from America and one from china. My laptop in America was like $1200 and it was fuckin trash. Overheating. play games like LOL well etc. My Chinese laptop was TRASH, lol, just hella Chinese spyware n shit",
252,1222268143571218432,-99,China #coronavirus #outbreak updates can now be tracked live online with this #dashboard https://www.newsweek.com/china-coronavirus-updates-live-online-1484327Â â€¦,irrelevant or no opinion
253,1225691448592367616,-99,Why Rest In Peace dey trend this early morning ? Abi people don dey die plenty for China unto coronavirus ?  pic.twitter.com/VPDTV8oOHE,irrelevant or no opinion
254,1237528300659986432,-2,"Good for UK. PM isnâ€™t allowed to be a dictator in a free world. Not many dictators on this planet at present. China is powerful country, unfortunately it is led by a evil regime and dictator. If we ignore the growth of CCP power, we may be killed by virus or nuclear bomb one day.  https://twitter.com/RepJimBanks/status/1237405831529988097Â â€¦",most unfavorable
255,1232793178484375552,0,"Sorry, I forgot to specify... I meant to talk about a potential libertarian movement in China. Anyway, I think your reply is still applicable here...",
256,1234665550770393088,-99,Coldplay - Princess of China  https://rdo.to/DEMOSTNÂ  #cirrusstreaming,irrelevant or no opinion
257,1231336239497871360,-2,this thing is f*cking strong and china be acting like is a normal thing WTF  pic.twitter.com/2ZdV2hkmtx,most unfavorable
258,1216411517454819328,-99,"Rebuking China, Taiwan Votes to Reelect President Tsai Ing-wen   https://www.npr.org/2020/01/11/795573457/rebuking-china-taiwan-votes-to-reelect-president-tsai-ing-wen?utm_campaign=storyshare&utm_source=twitter.com&utm_medium=socialÂ â€¦ via @npr > #democracy #communism @iingwen",irrelevant or no opinion
259,1223435803533201408,0,People forget that the Zika scare was only a couple years ago.  Of course I may change my tune when that order of mine that shipped from China arrives. ğŸš¬,
260,1231955625854283776,-2,I can assure you this is a Chinese man made virus meant to attack the world. China was not getting away with their bully tactics in the South Pacific. I can guarantee we will be seeing Chinese troops in Hong Kong and Taiwan in 6 months. #TheRealDonaldJTrump,most unfavorable
261,1233984917278613504,0,Iran is spreading coronavirus faster than China did. Dunno if its incompetence or deliberate. Now I appreciate how China managed to contain the virus and prevent it from spreading,
262,1216523229113675776,-1,China slams US for congratulating Tsai on Taiwan poll win - Breitbart  http://bit.ly/30cN26RÂ  via @BreitbartNews This is great. #HongKongProtests,somewhat unfavorable
263,1217173546256011264,-1,Impotus mafia do have a plan. Same plan as last time. Let Russia pay and run the campaign through fb and twitter. Get China to 'weigh' the voting machines and have oconnell/barr et al gerrymander the boundaries!!!! Only this time he'll possibly get back in due to dem infighting!,somewhat unfavorable
264,1229681813678886912,0,China is a unique example. The country has enough appetite for steel and coal and is going through a construction boon. They can afford to build ghost skyscrapers and malls to keep its industries running.,
265,1229166777852022784,1,"#Coronavirius, fighting the invisible enemy as viruses mutate and become transmissible from animals to humans. We welcome #China's ban on #WildlifeTrade. Please, make it permanent, for your own safety. It's the preventive way to fight back. https://www.nationalgeographic.com/animals/2020/01/china-bans-wildlife-trade-after-coronavirus-outbreak/Â â€¦",somewhat favorable
266,1225813538851229696,-2,So if okada is not the best method for a center of excellence.why then ve you not replicated train and other cheaper and better means of Tp before the ban.Hypocrites!what about death by hanging for corruption that kills more people than okoda daily like in china.,most unfavorable
267,1217160704417058816,-99,"China's #tidal current generator unit with the country's #largest single-machine #capacity of 600 kW has passed the approval tests in Zhoushan, E China's Zhejiang Province  pic.twitter.com/rk5gLmagbh",irrelevant or no opinion
268,1216778258810920960,-1,""" Made in China "" & these products don't last or its Chiwenga Conspiracy theory.",somewhat unfavorable
269,1226988206031114240,-1,"Amazed Gov seems unconcerned about all small business  #coronavirus could go on for 12 month  no trade with China personally I hope so  no rush back to trade , is a must  as far as I know we make no Tv or white goods now  serve u right aus now learned lesson manufacture  again  https://twitter.com/PerthWAustralia/status/1226840464902352898Â â€¦",somewhat unfavorable
270,1225057811257856000,-99,"An acrimonious State of the Union precedes Trump's likely acquittal, delayed Iowa results put Buttigieg in the lead, and Coronavirus cases spike another 20% in China.",irrelevant or no opinion
271,1229516515247939584,-99,"At that time, @Apple said coronavirus was having an impact on its operations. Since then, it has temporarily closed all stores in China (though some have re-opened)  https://cnet.co/2t778TZÂ ",irrelevant or no opinion
272,1225232369503875072,-2,So thereâ€™s a lot of horrible videos coming out of China regarding the corona virus.   Letâ€™s examine this.   China controls internet access to a fault. There are ways to get information out but as strudalz can tell you itâ€™s not easy. 1/,most unfavorable
273,1214977231560335360,-2,When do we fire missiles at China and India's coal power plants?,most unfavorable
274,1228322264707321856,-1,The virus itself in NOT a national emergency. Our Republicâ€™s dependence upon China for the vast majority of needed pharmaceuticals is. Bring Pharmaceutical manufacturing back home!,somewhat unfavorable
275,1228901652138266624,-99,BBC News - Coronavirus: China announces drop in new cases for third straight day  https://www.bbc.com/news/world-asia-china-51519055Â â€¦,irrelevant or no opinion
276,1232191953560719360,-99,"But why Thailand hv not come out epidemic breakout although it is the first country outside china got imported Wuhan virus case in early Jan, never ban Chinese visitors to enter?",irrelevant or no opinion
277,1217175722470641664,-1,@DiamondandSilk hey girls I was just thinking why don't they just send ballots to Russia and China and have them vote for next American president if you don't have to be a citizen it doesn't matter does it,somewhat unfavorable
278,1229108114219261952,-99,So I'm busy trying to learn about the trade networks and people involved of the trade networks between the Roman Empire and China. What is now Afghanistan was a key lynchpin in that network.   1,irrelevant or no opinion
279,1229496424003403776,-2,The Chinese Government's figures are fake. They are only reporting 5% of infected according to Imperial College London. The deaths are also underreported. Why has China cancelled their Congress? The Virus outbreak in China has not peaked.,most unfavorable
280,1226143647046885376,-99,"Hundreds of trucks loaded with watermelons normally pass into China from Myanmar daily, but logistic channels are blocked at the border due to the virus outbreak  https://reut.rs/2vhDjR2Â  pic.twitter.com/vHka89gauQ",irrelevant or no opinion
281,1228364892970741760,-2,"China is terrible they have helped Iran identify protesters they are thieves, besides eating our endangered animals now heath workers are sick with the virus U.S. Hits Huawei With New Federal Charges  http://www.newsy.com/stories/u-s-hits-huawei-with-new-federal-charges/Â â€¦ via @newsy",most unfavorable
282,1222995017066778624,-99,BREAKING: #Italy confirms TWO #CORONAVIRUS cases and BLOCKS all air traffic between #China and Italy,irrelevant or no opinion
283,1227247755728343040,-2,"Chinese government hide the truth intentionally. Doctors who revealed the coronavirus at an early stage were arrested.  Now the world is suffering, because of the lack of freedom of speech in China.  #Coronavirustruth #ChinaVirus #FreedomOfSpeech #coronavirus #Wuhanvirus2020",most unfavorable
284,1224761619877703680,1,"Abraham Liu: â€œItâ€™s my wish that the three major stakeholders in #cyberspace ğŸš€ - Europe ğŸ‡ªğŸ‡º, the US ğŸ‡ºğŸ‡¸ &amp; China ğŸ‡¨ğŸ‡³ invest more in collaboration & common values""! #20in2020 @Huawei @Huawei_Europe https://huawei.eu/press-release/remarks-abraham-liu-huawei-chief-representative-eu-institutions-chinese-new-yearÂ â€¦",somewhat favorable
285,1234617611880730624,-2,Or they would have just welded your door shut and left you to starve with your granddaughter like they do in China comrade,most unfavorable
286,1221476140616863744,-2,"Sir Geoffrey Nice QC concluded at China Tribunal in June 2019 that â€œGovernments and any who interact in any substantial way with the PRC including: Doctors and medical institutions; Industry, and businesses,â€¦should now recognize that they are interacting with a criminal stateâ€.",most unfavorable
287,1222546813531480064,0,China shutting down stock market until 2/3 due to #coronavirus.  Don't think they truly have a handle on things-- certainly don't shut it down if you think all is ok.  #ES_F $SPY #SPX pic.twitter.com/R9GvTxkFpr,
288,1214802042792771584,-99,what would the climate deniers look like in China?,irrelevant or no opinion
289,1229793814195425280,-99,"As Trump Gives Up on â€˜Endless Wars,' Russia, China, and Iran Move In #SmartNews https://www.thedailybeast.com/trump-gives-up-on-endless-warsand-russia-china-and-iran-move-inÂ â€¦",irrelevant or no opinion
290,1230250808157052928,-1,How Africa is Becoming China's China  https://youtu.be/zQV_DKQkT8oÂ  via @YouTube,somewhat unfavorable
291,1220009695802355712,-99,#Thailand travel advice: Foreign Office issues statement after China coronavirus outbreak  @TheScotsman https://www.scotsman.com/health/thailand-travel-advice-foreign-office-issues-statement-after-china-coronavirus-outbreak-1-5079072Â â€¦,irrelevant or no opinion
292,1226466697420460032,-99,"+ China has so far sent 8 spacecraft to the moon, the last sent is Chang'e 4 (name of the goddess of the moon in Chinese mythology)  https://twitter.com/swxnx/status/1226462174480142337Â â€¦",irrelevant or no opinion
293,1221788016420757504,-1,Oil drops below $60 as China virus stokes demand concern has been posted on  https://ift.tt/2RvI6Y4Â ! Read now!,somewhat unfavorable
294,1219746346149781504,-1,Remember the movie 12 monkeys ğŸ˜®ğŸ¤”ğŸ¤” #China,somewhat unfavorable
295,1220084726670790656,0,"If China does follow the deal and starts buying wheat, when do we see acres being bought? Not much wheat planted the last few years and a big order would have guys planting spring wheat would it not?",
296,1236131212978159616,-2,"China couldnâ€™t even contain the Corona virus, let alone heed the warning of the Chinese doctor who discovered it. Look what happened to him! ğŸ˜¡",most unfavorable
297,1232788263724834816,-2,China is shipping products all over the world. And the Virus probably wasn't detected yet and it's been shipped. Stop all the trade. ?  https://www.cnn.com/asia/live-news/coronavirus-outbreak-02-26-20-intl-hnk/index.htmlÂ â€¦,most unfavorable
298,1224162045022461952,-99,Coronavirus toll rises to 361 in China  https://www.newslivetv.com/world/coronavirus-toll-rises-to-361-in-china/Â â€¦,irrelevant or no opinion
299,1226688278687973376,-99,"the big take-away is apparently Page goes around the world giving ""people"" his ""opinion"" about the Middle East, China and Russia, and Beck never questions him about this, who he sees, what he tells them, how much $ he's paid and who he actually works for",irrelevant or no opinion
300,1237732779460354048,-2,"From possible attempt to suppress news of Covid19 a whistleblower Doctor in China died. Latest info via @60Mins Australia is that the Chinese outbreak  originated in a â€œWet Market â€œ where wild animals like bats, who carry the virus naturally, are slaughtered,thus infecting humans  https://twitter.com/mirrorpolitics/status/1237675757733896192Â â€¦",most unfavorable
301,1221136351887790080,-99,"In #Singapore, three more cases of infection with the novel Coronavirus. Scientists are sounding the alarm, with this rate of infection, the new virus is already bypassing SARS 2003 #China #coronaviruschina #coronarovirus",irrelevant or no opinion
302,1218699741011247104,-99,"So Sajid Javid is absolutely correct.  Japan does NOT follow EU rules in the sense that it must obey EU SM legislation and is subject to the ECJ.  It only ""follows"" rules in the sense of market compliance, as it does for every other export market - US, Canada, China, etc.",irrelevant or no opinion
303,1221068947971174400,-99,South Korea designates entire China as 'coronavirus watch zone'  https://www.koreatimes.co.kr/www/nation/2020/01/113_282448.html#.XixIr1p-5xk.twitterÂ â€¦,irrelevant or no opinion
304,1219941246967349248,-1,Iâ€™ve thought that ever since I heard of it! All these virus appear somewhere in China - why is that? Itâ€™s too coincidental that itâ€™s happening regularly.,somewhat unfavorable
305,1237930152073392128,-2,"To be honest i don't want to be racist...but blame china for not controlling the virus and still eat the stupid a** bat that thinks healthy to consume... I don't know why people in wuhan,china do that.... Keep safe everyone",most unfavorable
306,1217830266338713600,-2,Chinaâ€™s Digital Currency Will Be a Weapon for Authoritarianism by Kieran Smith in @OZM https://onezero.medium.com/chinas-digital-currency-will-be-a-weapon-for-authoritarianism-970104a8e141Â â€¦,most unfavorable
307,1231530908991119360,-2,Hong Kong should be able to leave China's oppressive regime. You must be a Chinese Bot.,most unfavorable
308,1233668588701024256,-2,I wonder if it's occurred to anyone that The Corona virus may have been released intentionally in some kind of deal between the demoncratz and China to use Gainst Trump?,most unfavorable
309,1220513696285200384,-99,"China coronavirus infections soar to 830, with 25 deaths as WHO says itâ€™s too early to declare global emergency  https://www.rt.com/news/479031-china-coronavirus-global-emergency/Â â€¦",irrelevant or no opinion
310,1237632315280539648,-99,- Do you have corona virus? * Yes - Is it from China or Iran? * WALLA SHU? it's from Italy hbb shu laken,irrelevant or no opinion
311,1223098693684826112,-1,"A false drug war to remove witnesses. West Philippine Sea unprotected against China. Sells literal soil for CH land reclamation. Has political cyber corruptors in Bacolod City. Pro-Russia, the country that bombed Syria and sells their women. Murderer.  https://www.forbes.com/sites/panosmourdoukoutas/2020/01/24/duterte-is-turning-philippines-into-a-more-corrupt-and-less-democratic-state/Â â€¦",somewhat unfavorable
312,1217482111910907904,-1,This is a must read on China tech transfer practices - debatable whether Phase 1 can actually prohibit this behavior  https://twitter.com/Brad_Setser/status/1217479929534787584Â â€¦,somewhat unfavorable
313,1220117903896383488,-2,This coronavirus is starting to concern me. I have to ask because Iâ€™m noticing a trend here. Why does it seem that almost every scary viral outbreak is coming out of China? Itâ€™s getting to the point where I kind of never want to travel there. EVER!,most unfavorable
314,1226758292606611456,-99,If vfa serves as deterrent then why has China continue to dominate the area? Small brain,irrelevant or no opinion
315,1218576480927502336,-99,Left The Medical City at 8 AM. Fetched by sisters (2 came home from China). Early family lunch. Went to @TheIncubatorAIM to work. Delivered last batch of relief goods to @gangbadoyâ€™s RockEd. Went home to take a bath. Ramen dinner with family. Quick shopping for Japan trip. Happy!,irrelevant or no opinion
316,1220608398590464000,-99,Hospitals in Chinaâ€™s virus epicenter launch public appeals forÂ supplies  https://south-korea.timesofnews.com/hospitals-in-chinas-virus-epicenter-launch-public-appeals-for-supplies.htmlÂ â€¦,irrelevant or no opinion
317,1220529265869017088,-99,China's transport departments will allow passengers to cancel their #tickets of all #transportation means nationwide without charging fees.  https://bit.ly/37o0veQÂ  #pneumonia pic.twitter.com/qr0bxfgduA,irrelevant or no opinion
318,1235015325957189632,-2,Because saving our passwords to a public google drive document must be easier. I have no idea. China and Russia are in an hour after I change my password.,most unfavorable
319,1214555599226191872,-99,China markets are hot again.  https://www.bloomberg.com/news/articles/2020-01-07/yuan-climbs-to-five-month-high-on-optimism-over-economy-tradeÂ â€¦,irrelevant or no opinion
320,1217120879492108288,1,China is not an intellectual property thief  https://on.ft.com/2uOiJaYÂ ,somewhat favorable
321,1223830523178618880,-99,"Russia Closes Border With China to People, Not Goods",irrelevant or no opinion
322,1225628881215991808,-99,"Chinaâ€™s mobile giants to take on Googleâ€™s Play store, Technology News, ETtech â€“Â NEWPAPER24  https://newpaper24.com/chinas-mobile-giants-to-take-on-googles-play-store-technology-news-ettech-newpaper24/Â â€¦ pic.twitter.com/HQSVcwT1dp",irrelevant or no opinion
323,1225707355754635264,-2,"If #china can eat what #islam suggests about food and stop atrocities against Muslims in their country, such disease would not have fall upon them.  #Corona #chinafood #ChinaVirus #cornovirus",most unfavorable
324,1224812482683949056,0,Agreed. It's daft to pretend that there is much that we can make that China and India can't make much more cheaply.   Maybe we will sell something to China but they'll do what they always do: reverse engineer it and start making it themselves.   Huawei did that with Cisco.,
325,1220390010848890880,-99,"US Urges Americans To ""Reconsider"" China Travel As New Cases Emerge From Scotland To Singapore | Zero Hedge  https://www.zerohedge.com/geopolitical/china-quarantines-second-city-experts-warn-its-already-too-late-stop-virusÂ â€¦",irrelevant or no opinion
326,1224717690339618816,-99,The Department of Justice announced today that the Chair of Harvard Universityâ€™s Chemistry and Chemical Biology Department and two Chinese nationals have been charged in connection with aiding the Peopleâ€™s Republic of China.,irrelevant or no opinion
327,1233843258448580608,-99,"RT if you believe @realDonaldTrump should go to Wahan China to visit with the sick for a few weeks until he can come up with a solution to the #coronavirusus hoax.  After all, Obama would have gone. Go ahead, Trump, unless you're admitting Obama is manlier than you!",irrelevant or no opinion
328,1226519483784843264,0,"I just found an entire conspiracy theory section of Twitter dedicated to the coronavirus ... including one twitter thread with 10K likes that goes from ""There's very elevated sulphur levels out of Wuhan"" to ""China must be burning 14,000 bodies"" REAL QUICK.",
329,1220321105124061184,-1,"Well, you donâ€™t have to visit the zoo in China, go wet market! Many animals and you can ETA them! #China #WuhanCoronavirus https://www.dailymail.co.uk/news/article-7915765/Chinese-food-market-epicentre-deadly-SARS-like-virus-outbreak-selling-live-KOALA.html?ito=facebook_share_fbia-topÂ â€¦",somewhat unfavorable
330,1214233914316738560,-99,"The logic is pretty simple: despite what countries (India and to less extent China/non-OECD Asian economies) want in the long-term, in the short-term, most new middle-class energy consumption will be dirty, largely coal. A decent (brief) primer:  https://www.globaltrademag.com/emerging-economies-to-fuel-future-energy-demand-growth/Â â€¦",irrelevant or no opinion
331,1234977588574973952,-1,"It isn't just the trips, its that he has them at his own facilities and charges high rates. He even has people like Pence make weird flights to stay at resorts in Scotland, hundreds of miles away from destinations. Meanwhile China is giving him and his children patents.",somewhat unfavorable
332,1215177020545482752,-99,Trade war: China confirms Vice-Premier Liu He will travel to US next week to sign phase one deal  https://www.scmp.com/economy/china-economy/article/3045352/trade-war-china-confirms-liu-he-will-travel-us-next-week-signÂ â€¦,irrelevant or no opinion
333,1226685062218964992,-2,"Yep, off fake #China data.",most unfavorable
334,1236476076852903936,-99,BBC News - Coronavirus: Dozens trapped as China quarantine hotel collapses  https://www.bbc.com/news/world-asia-china-51784167Â â€¦,irrelevant or no opinion
335,1222639284466962432,-1,"Facebook, Twitter, Google hide China-epidemic â€œmisinformationâ€  https://blog.nomorefakenews.com/2020/01/28/facebook-twitter-google-hide-china-epidemic-misinformation/Â â€¦",somewhat unfavorable
336,1224655550320992256,-99,"Hong Kong Confirms 2nd Non-Mainland China Coronavirus Death As Hospital Workers Strike, Over 200,000 'Under Observation' | Zero Hedge  http://archive.ph/7roP0Â ",irrelevant or no opinion
337,1224368710598586368,-99,"Sorry for little late update! Caused the doll factory on China mainland are work out now. We are decided to adding more ordered to the maker at once.  20 members of them all are over spare stock for this now selling. EXCEPT RENJUN member only.  Thanks all for ordering with us, ğŸ™†  pic.twitter.com/IdzZGvjwKk",irrelevant or no opinion
338,1236442229629050880,-2,Thatâ€™s rather magnanimous of ya. I get blocked all the time by China hawks no matter how civil I try to maintain the discourse,most unfavorable
339,1217120215433011200,-99,"U.S., China trade negotiators to sign â€œphase oneâ€ deal  pic.twitter.com/ENMmHZGC68",irrelevant or no opinion
340,1221483619065180160,0,But the only way the virus is touching your food is if the ingredients were transported in China or the people making your food touched China recently ğŸ˜­ğŸ˜­ izzz not dat deeeeep ğŸ˜­ğŸ˜­,
341,1222271474473611264,-2,When will China learn? First SARS and now this. Makes sense you change your national flag to the virus breeders!,most unfavorable
342,1229185348510666752,-2,"Breaking News!!! China's leader, Xi Jinping, responds to Michael Bloombergs statement that Xi is not a dictator by stating that Michel Bloomberg is an incompetent man, short by even their standards & he does not speak on behalf of communist China.",most unfavorable
343,1227092411148578816,-1,"Between Pomeo's and Pence's remarks on China recently, we have publicly let them know its about to get very real.  pic.twitter.com/8x49Yy1zJy",somewhat unfavorable
344,1224129235301715968,-99,"Canadians evacuated from #China will be sent to CAF base in #Trenton, #Ontario. #BREAKING #CORONAVIRUS https://twitter.com/SeanPrevil/status/1224128870804336641Â â€¦",irrelevant or no opinion
345,1233053968848375808,-2,"Thatâ€™s because china has been lying about it and still lying...idiots. At this point, they just need to give everyone the facts. They r just guessing about the virus.  https://twitter.com/Cjohnsonspider1/status/1233051757556781057Â â€¦",most unfavorable
346,1214140541190987776,-99,Chinaâ€™s first blockchain-based unsecured loan granted on OneConnect financing platform -  https://is.gd/Lekk9kÂ  #bitcoin #btc #bitcoinnews #blockchain,irrelevant or no opinion
347,1226556141175394304,-1,People in China may be angryâ€” although Iâ€™ve seen twitter comment that some of the expressions on video are more of â€œsolidarityâ€ or anger at local officials.  But are people going to get upset in ways that affect the govt rule?,somewhat unfavorable
348,1229600434290999296,0,"Hats off to china. After all this catastrophe, their equity markets are doing better than india. Most Chinese stocks are up way more than our index leaders. Look at USA markets. Govt need to learn imp of capital mkt fast. The sooner the better for mkts, FDI, capital, savings.",
349,1229166618862923776,-2,"Now while INTChain is working with china to track citizens IOTA is working with tech giants, makes it very clear who the right side is lol",most unfavorable
350,1227685876437745664,-1,Yes and itâ€™s a Good Thing. ğŸ¤¢ thereâ€™s little trouble in big China. 2+2=5,somewhat unfavorable
351,1231111770548449280,-2,"I get you. But I can't really share the gay details with my family bc they're kinda religious so me and my gay shows sit together in the closet, and if i wanna share I have to pull a China and censor shit or I'll be murdered. ğŸ‘ğŸ‘„ğŸ‘",most unfavorable
352,1223066284394500096,-2,Of course American businesses will return from China to the United States and bring millions and millions and millions of little coronaviruses with them. Very good thing for the United States  you basically do not want anything Returning to the United States from China right now.,most unfavorable
353,1223434013324595200,-99,#AmericanAirlines #Delta #United and other airlines within the #USA have canceled flights to #China. The #USA has also put a temporary restriction on flights to #China.,irrelevant or no opinion
354,1231765224778346496,-2,Weird since China stole the virus from Canada,most unfavorable
355,1225541815379558400,-2,"Coronavirus whistleblower Li Wenliang has died, Wuhan Central Hospital confirms  https://twitter.com/i/events/1225460602149072897Â â€¦ What exactly is China trying to cover up??  A bio weapon that got out ??!!!!",most unfavorable
356,1215491035067011072,-99,"TRUMP SAYS CHINA TRADE DEAL WILL BE SIGNED ""I THINK IT WILL BE JANUARY 15TH, BUT SHORTLY THEREAFTER"" -INTERVIEW WITH OHIO TV STATION - Rtrs  #US #China #Tradedeal #Trump",irrelevant or no opinion
357,1228580268795146240,-1,@WHO why are you still allowing international travel of people who've been In china?!??!?! Do you want covid19 to spread exponentially?,somewhat unfavorable
358,1238674601615314944,-2,Itâ€™s always hush hush with @JoeBiden @SenSanders @DrBiden @HillaryClinton @BarackObama  etc Dems!  #CoronaOutbreak #China #Ukraine #Burisma  Mr joe knew,most unfavorable
359,1221180915700789248,-1,And who thinks India is lucky not to share a border with China,somewhat unfavorable
360,1220158564418740224,-99,"China coronavirus: crowds and confusion on the hospital front lines of outbreak. Medical facilities in the city of Wuhan struggle to cope with the surge of people with pneumonia symptoms.Throngs of people seek admission, worried about the diseaseâ€™s spread.Real situation serious  pic.twitter.com/sDr0zomY56",irrelevant or no opinion
361,1222842067983925248,-2,Corona virus please if you come to Kenya go for the politician they have  money to go to China they won't build your hospital here aki mtatuuwa  https://twitter.com/MukamiWaEmbu/status/1222730216134598656Â â€¦,most unfavorable
362,1225028902977986560,-99,"@RoyalMail afternoon, just had lots of packets delivered from China!!!   How are you safeguarding your wonderful postman and customers!",irrelevant or no opinion
363,1235341128553156608,-2,â€œChina encourages people to return to work... requiring [AI smartphone software] that dictates whether they should be quarantined... setting a template for new forms of automated social control that could persist long after the epidemic subsidesâ€  https://www.nytimes.com/2020/03/01/business/china-coronavirus-surveillance.htmlÂ â€¦,most unfavorable
364,1212424760233099264,-99,Malaysia announces Visa-free entry in 2020 for tourists from India and China  http://dlvr.it/RMGLyvÂ  pic.twitter.com/xkXjZkrF7t,irrelevant or no opinion
365,1223831263460515840,-99,"Since you say they needed to be proactive, name anyone who would've seen this coming before the patient arrived here January 21. It was the day China first reported their cases. I don't like the government either but you're looking for a psychic or fortune teller.",irrelevant or no opinion
366,1219994043477680128,-99,Is Steve Bannon Doing China A Big Favor? @Davos $AMZN $GM $WHR http://bit.ly/2QsiEk3Â ,irrelevant or no opinion
367,1222717865557520384,-99,More Japanese evacuated from China virus epicenter as death toll climbs  http://dlvr.it/RP1YpZÂ  #topNews  http://bit.ly/2wTtJVÂ  pic.twitter.com/cyMK7GMPO2,irrelevant or no opinion
368,1231788603711393792,-2,Don't buy China's story: The coronavirus may have leaked from a lab  https://nypost.com/2020/02/22/dont-buy-chinas-story-the-coronavirus-may-have-leaked-from-a-lab/?utm_source=twitter_sitebuttons&utm_medium=site%20buttons&utm_campaign=site%20buttonsÂ â€¦ via @nypost,most unfavorable
369,1217425967490031616,-99,"Oski Data-Stealing Malware Emerges to Target North America, China  http://dlvr.it/RN4t93Â  pic.twitter.com/7sIqXlBj7u",irrelevant or no opinion
370,1229540242945908736,-2,Outs 25 - Anyone else just get poached by China like seagulls round a chip butty?  In the space of a season and half Beijing have took my CB partnership of Alvarez & Jerome. Players see the money kick up a stink. Big Terry send this to China for me! Beijing! leave me alone  #FM20 pic.twitter.com/2FPq0rFJXW,most unfavorable
371,1228470789630038016,-2,Itâ€™s fucked up man. I agree this is the saddest thing Iâ€™ve seen in a while but my point is China is so desperate that they are trying to stop the disease anyway they can think of. They are also mass killing pigs which is really sad.,most unfavorable
372,1224686667178676224,-99,"Mmm. We do 60% of our trade with EU, and are about to put that trade on same terms as Canada, or worse, Australia. Studies overwhelmingly show that will be harmful.   And we're now 'outside' the door of all EU meets = self-marginalisation - and my DC/China contacts feel same.",irrelevant or no opinion
373,1229968734128787456,-99,Always Big Thanks for Your Sincere Support for Our Precious Jungkook   #ì •êµ­ #JUNGKOOK #ë°©íƒ„ì†Œë…„ë‹¨ì •êµ­ #ì „ì •êµ­ @BTS_twt pic.twitter.com/9ADghkLYle,irrelevant or no opinion
374,1224393887294414848,-1,Why every coronavirus conspiracy puts china as the perpetrator? i mean its that thing where *the other* is both powerful and dangerous because he makes biochemical weapons but too weak and dumb because he loses control over his own creation.,somewhat unfavorable
375,1221778747860242432,0," https://www.scmp.com/sport/china/article/3047777/chinas-love-kobe-bryant-shows-other-sports-how-follow-his-footstepsÂ â€¦ ""He visited China again last year to make it 16 years in a row he toured the country and regularly engaged with fans through videos where he answered their questions."" 16 years? That was commitment. Kobe was a smart man who understood that Chinese...",
376,1220083623774302208,-99,"""Per China""   ğŸ’€ğŸ¤£",irrelevant or no opinion
377,1232823463296913408,-99,"What To Know About JWA & #COVID2019: Incoming flights from China are routed thru 11 U.S. airports, including @FlySFO & @FlyLAXairport. JWA does not have flights to China or other Pacific Rim country. Safety & security is our top priority. Info @OCHealth:  https://bit.ly/2PtABPUÂ . pic.twitter.com/a0ConqVo1W",irrelevant or no opinion
378,1220448284361351168,-2,scenes that remind a biological warfare take place in #China #ChinaPneumonia #coronovirus pic.twitter.com/CTla6hhjBq,most unfavorable
379,1229925590498791424,-2,Bloomberg Accused of Helping Communist China Suppress News  http://bit.ly/2wo57UtÂ  via @BreitbartNews,most unfavorable
380,1224498823608840192,-99,Apple temporarily closes stores in China amid virus outbreak  https://www.13wmaz.com/article/news/nation-world/apple-store-closings-china-coronavirus/507-1d59eb1c-f68f-4cd6-aa8c-359c391a370eÂ â€¦,irrelevant or no opinion
381,1214635201445257216,-2,It demonstrated the power of universal censorship in China.  #antichinazi pic.twitter.com/VGpoWghw9I,most unfavorable
382,1221433724312514560,-2,Goverment of Malaysia : Banned People's Republic of China citizen from entering Malaysia !!! - Sign the Petition!  http://chng.it/zDcS5zPLÂ  via @Change,most unfavorable
383,1230435541528780800,-2,"China Won't Release U.S. Plane, Crew Despite Bush's Intensifying Demands - WSJ  https://www.wsj.com/articles/SB986204783168386005Â â€¦ Peoples memories are short.  Us Spy Plane forced to land in China, horrassed by two Chinese fighter jets.  China gutted the US surveilance equipment",most unfavorable
384,1233585031433441280,-99,"News to everyone: hospitals everywhere take care of people with the coronavirus. Me included. The novel corona in China is a new evolved strain. Coronavirus is the common cold, people do NOT die from the virus, they die from complications (dehydration, secondary infection, etc)",irrelevant or no opinion
385,1215124043801747456,-2,U.S. #US crimes #crimes #Government U.S. congressional study urges sanctions on China over 'crimes against humanity' via  https://www.hvper.com/?ref=ttÂ ,most unfavorable
386,1216137670130327552,-99,"I live in China, and so probably won't get to see much of it, BUT-- based on recent pre-reviews I've been seeing online-- Is ""Picard"" REEEEEEEALLY a ""disaster""...or are fans just upset that it isn't TNG?",irrelevant or no opinion
387,1229592925698502656,-2,God bless Terrence.. Lying Dems over and over. They got so used to telling lies.  The voters are not Dumb! Obama gave our jobs away to places like China and Mexico.  https://twitter.com/w_terrence/status/1229526078538031104Â â€¦,most unfavorable
388,1213825635493302272,-1,"China #pneumonia #outbreaks of unknown cause: 59 pneumonia with 7 severe cases (no death). Disease onset ranged from 12/12 to 12/29, 2019. No evidence of human to human transmission. Has excluded influenza, avian influenza, adenovirus, SARS and MERS.   http://wjw.wuhan.gov.cn/front/web/showDetail/2020010509020Â â€¦",somewhat unfavorable
389,1214034225441062912,-2,"It's not happening in #HongKong. USA,UK are the same. This is #China's invading.  pic.twitter.com/U2z129WLBq",most unfavorable
390,1229047783132401664,-1,Pentagon orders NORTHCOM to prepare for coronavirus â€œpandemicâ€ as fears mount that China canâ€™t stop it from spreading around the world - DC Clothesline -  https://www.dcclothesline.com/?p=130206Â  via @dcclothesline,somewhat unfavorable
391,1233499132179947520,-99,Brother. This is not the point. The point is Mexico city blooming epidemic didn't come from China. It came from United States. Which means we are covering up a blooming fucking wildfire.,irrelevant or no opinion
392,1212421036529963008,-2,#China_is_terrorist #BoycottChina #religionfreedom https://twitter.com/statedeptspox/status/1212116943819485191Â â€¦,most unfavorable
393,1222180471154581504,-99,Coronavirus screenings to expand to 15 new US airports; CDC warns against travel to China  https://www.usatoday.com/story/travel/airline-news/2020/01/27/cdc-travelers-avoid-all-nonessential-travel-china-due-coronavirus/4592635002/Â â€¦ via @usatoday,irrelevant or no opinion
394,1223991947376910336,-99,"""When China gets a flu...  Russia gets a pneumonia""  ğŸ˜ˆğŸ˜‹  pic.twitter.com/0EPFt2DKud",irrelevant or no opinion
395,1220556623900487680,-2,"The strange thing is as you know China government has a very strict media control, hired millions of people screening peopleâ€™s posts and articles, as soon as there is a post or article criticizing the government, poof, it is gone within seconds,  but that article is always there.",most unfavorable
396,1214415717497331712,2,2020 is set to be a big year for China with it aiming to become a moderately well off society and to have ended all extreme poverty in time for the 100th anniversary of the CPC. My cover story in China Daily looks at what might be in store.  https://epaper.chinadaily.com.cn/a/202001/02/WS5e0d2ed3a310fb3de82eb38b.htmlÂ â€¦ pic.twitter.com/FXgXOH1wJl,most favorable
397,1220724404553953280,2,"You have to admire #Chinese development skills: build a new hospital in SIX DAYS! Incredible! Chinaâ€™s viral outbreak is straining the resources of front-line hospital staff in epidemic-stricken Wuhan, who have been forced to turn away patients  https://www.wsj.com/articles/china-virus-overwhelms-wuhans-health-system-as-government-rushes-to-build-new-hospital-11579871387Â â€¦",most favorable
398,1220345784434151424,1,"The IMF, on January 20, revised its prediction for Chinaâ€™s 2020 economic growth to 6%.  Full Report:  https://rpuls.co/2RfQV7ZÂ  pic.twitter.com/jJLh0c1Vjm",somewhat favorable
399,1221685594214096896,0,"This was supposed to be a Meme year. We was supposed to be making jokes about weed and 20/20 vision all year and now Kobe and Gigi gone, we almost in WW3, and this new Virus in China spreading everywhere. IT AINT EVEN FEBRUARY YET!!!! Itâ€™s too much man. I LOVE YALL MAN ALL YALL.",
400,1225958639669669888,1,"Coronavirus panic stoked by anti-China media, politicians: Myth...  https://www.liberationnews.org/coronavirus-panic-stoked-by-anti-china-media-politicians-myth-vs-fact/Â â€¦",somewhat favorable
401,1226348728962949120,-2,"In your twisted dreams marshmallow!!! TRUMP 2020!! If you donâ€™t like it here, I hear China has more room now. Bye,bye,bye or adios as you may prefer.",most unfavorable
402,1221056384709451776,-1,"China virus remains severe, medical supplies very tight: provincial official  http://dlvr.it/RNkSd6Â ",somewhat unfavorable
403,1227426021026209792,-99,"@elonmusk  Hi! You should really MassProduce your SpaceSuits and technology for DE-Bacterialization of the working envirement.  Suddenly, every sector of China can be RE-Opened! You just saved Thousands of civilians!  Your vision and knowledge is much needed in this world!",irrelevant or no opinion
